intervention_id,event_id,timestamp,initiator,proposal,human_response,response_reason,artifact_changed,epistemic_effect,accepted_status,evidence_reference,commit_sha,notes
INT-0001,METH-0002,2026-07-16,human,Proceed with Goal 10 corpus acquisition,Approved and directed creation of corpus approval record,Corpus approval gate was required before acquisition,research/notes/corpus-approval.md,Authorized lawful acquisition within documented scope,accepted,logs/progress.md#2026-07-16---Goal-10-corpus-acquisition; research/notes/corpus-approval.md,d009bfb,
INT-0002,METH-0006,2026-07-16,human,Transcribe Bliss Copy because OCR failed,Completed and approved human transcription,Automation could not reliably read manuscript image,research/notes/bliss-copy-transcription.md,Resolved source availability while retaining quotation caveat,accepted,logs/progress.md#2026-07-16---Goal-10-corpus-acquisition,d009bfb,
INT-0003,METH-0010,2026-07-16,human,Use Dickinson transcription pending original image,Accepted with page-image verification caveat,Original image acquisition would take additional time,research/data/source-register.csv,Allowed working reception analysis while preserving derivative-source status,accepted,logs/progress.md#2026-07-16---Goal-10-corpus-acquisition; research/notes/corpus-report.md,d009bfb,
INT-0004,METH-0011,2026-07-15,human,Use Python 3.11 for the project,Approved Python 3.11 upgrade,Project metadata requires Python 3.11+,logs/progress.md,Aligned local environment with declared requirement,accepted,logs/progress.md#2026-07-15--Public-repository-and-project-website,dc77f44,
INT-0005,METH-0011,2026-07-15,human,Create and publish a public repository,Approved public GitHub repository and Pages site,Project needed public scaffold and publication workflow,README.md,Published status-conscious project infrastructure without publishing provisional dossier as verified scholarship,accepted,logs/progress.md#2026-07-15--Public-repository-and-project-website,dc77f44,
INT-0006,METH-0013,2026-07-16,human,Proceed from corpus acquisition to Goal 20 evidence coding,Approved by invoking active Goal 20 objective,Goal sequence identified evidence matrix as next historical checkpoint,goals/20-evidence-coding.md,Authorized source-grounded coding and prospective methodology logging,accepted,goals/20-evidence-coding.md; logs/progress.md,,
INT-0007,METH-0016,2026-07-16,human,Proceed from evidence coding to Goal 30 analysis and thesis testing,Approved by invoking active Goal 30 objective,Goal sequence identified thesis testing as next checkpoint,goals/30-analysis-and-thesis.md,Authorized provisional thesis synthesis while preserving thesis approval gate,accepted,goals/30-analysis-and-thesis.md; logs/progress.md,,
INT-0008,METH-0018,2026-07-16,human,Approve the qualified provisional thesis,Approved,Thesis preserves evidence-supported claim while retaining limits,research/notes/provisional-thesis.md,Allows drafting to proceed from approved claims,accepted,research/notes/provisional-thesis.md; research/data/claims.csv,,
INT-0009,METH-0019,2026-07-16,human,Proceed from approved thesis to Goal 40 scholarly draft,Approved by invoking active Goal 40 objective,Goal sequence identified paper drafting as next checkpoint,paper/paper.qmd,Authorized drafting from approved claims and source-audited evidence,accepted,goals/40-draft-paper.md; research/notes/thesis-approval.md,,
INT-0010,METH-0021,2026-07-16,human,Proceed from draft to Goal 50 adversarial scholarly review,Approved by invoking active Goal 50 objective,Goal sequence identified adversarial review as next checkpoint,research/reviews/historical-review.md,Authorized critique-driven narrowing before publication preparation,accepted,goals/50-adversarial-review.md; logs/progress.md,,
INT-0011,METH-0023,2026-07-16,human,Proceed from adversarial review to Goal 60 final publication package,Approved by invoking active Goal 60 objective,Goal sequence identified publication package preparation as next checkpoint,outputs/publication-readme.md,Authorized reproducible package creation but not external publication,accepted,goals/60-final-publication.md; logs/progress.md,,
INT-0012,METH-0026,2026-07-16,human,Approve publication of Goal 60 package as public working-paper package with disclosed limitations,Approved committing pushing and publishing only the approved outputs,Scholar accepted disclosed limitations and limited release type,outputs/publication-readme.md,Authorizes public working-paper package release while preserving limits against journal-final or quotation-final claims,accepted,outputs/publication-readme.md; research/reviews/publication-approval-review.md,,
